{"stats":{"minecraft:mined":{"minecraft:glass":1},"minecraft:used":{"simpleplanes:parachute":4,"minecraft:iron_bars":4,"minecraft:redstone":4,"minecraft:stone":22,"securitycraft:deepslate_copper_mine":2,"automobility:launch_gel":1,"minecraft:dirt":8,"hunting_delight:chitinous_sword":15,"travelersbackpack:bee":1,"minecraft:light_gray_terracotta":8,"cgm:bazooka":1,"mutantmonsters:spider_pig_spawn_egg":2,"minecraft:piston":1,"minecraft:oak_log":2,"minecraft:sticky_piston":1,"minecraft:glass":2,"mutantmonsters:mutant_creeper_spawn_egg":1,"minecraft:lever":1,"minecraft:honey_block":1,"cgm:shotgun":20,"minecraft:slime_block":1,"mutantmonsters:mutant_enderman_spawn_egg":1,"mutantmonsters:creeper_minion_spawn_egg":2,"minecraft:diamond_ore":1,"minecraft:gravel":1,"minecraft:stone_bricks":19,"securitycraft:mine":2,"simpleplanes:plane_workbench":1,"mutantmonsters:mutant_zombie_spawn_egg":1,"simpleplanes:plane":11,"minecraft:repeater":1,"minecraft:cobblestone":7,"travelersbackpack:standard":3,"mutantmonsters:hulk_hammer":30,"minecraft:smooth_stone_slab":4,"cgm:mini_gun":825},"minecraft:picked_up":{"minecraft:feather":2,"minecraft:chicken":1,"simpleplanes:parachute":2,"minecraft:lead":1,"simpleplanes:charging_station":6,"minecraft:oak_log":3,"minecraft:gunpowder":9,"mutantmonsters:mutant_skeleton_limb":1,"minecraft:dirt":32,"minecraft:string":8,"minecraft:smooth_stone_slab":32,"minecraft:bone":2,"minecraft:stone_bricks":5,"simpleplanes:plane_workbench":1,"minecraft:spruce_planks":1,"minecraft:ender_eye":3,"cgm:bazooka":1,"minecraft:raw_iron":1,"minecraft:stick":2,"simpleplanes:plane":6,"hunting_delight:chitin":2,"minecraft:spruce_log":4,"minecraft:spider_eye":1,"hunting_delight:animal_fat":1,"minecraft:dark_oak_planks":1,"mutantmonsters:hulk_hammer":1,"minecraft:rotten_flesh":20,"hunting_delight:broken_bone":91,"minecraft:iron_bars":1,"minecraft:snowball":1,"minecraft:cobblestone":7,"minecraft:ender_pearl":5},"minecraft:killed":{"rottencreatures:undead_miner":1,"minecraft:spider":11,"minecraft:wandering_trader":1,"minecraft:creeper":1,"minecraft:skeleton":1,"mutantmonsters:mutant_enderman":1,"mutantmonsters:creeper_minion":2,"minecraft:zombie":16,"k_turrets:gauss_drone":1,"minecraft:chicken":1,"mutantmonsters:mutant_zombie":1,"mutantmonsters:mutant_creeper":1,"mutantmonsters:spider_pig":1},"minecraft:killed_by":{"minecraft:player":1,"mutantmonsters:mutant_skeleton":1,"minecraft:zombie":1,"hordes:zombie_player":1},"minecraft:dropped":{"minecraft:oak_log":4,"simpleplanes:plane":1,"minecraft:spruce_planks":1,"simpleplanes:furnace_engine":1,"minecraft:dark_oak_planks":2},"minecraft:custom":{"minecraft:mob_kills":40,"minecraft:leave_game":6,"minecraft:time_since_death":10664,"minecraft:climb_one_cm":5837,"minecraft:time_since_rest":10705,"minecraft:sprint_one_cm":9788,"minecraft:damage_taken":1285,"minecraft:walk_one_cm":226866,"minecraft:drop":10,"minecraft:damage_dealt":904,"minecraft:swim_one_cm":6024,"minecraft:fly_one_cm":158567,"minecraft:open_chest":4,"minecraft:crouch_one_cm":1746,"minecraft:play_time":121014,"minecraft:deaths":4,"minecraft:sneak_time":1125,"minecraft:walk_under_water_one_cm":13587,"minecraft:jump":191,"minecraft:walk_on_water_one_cm":2867,"minecraft:total_world_time":121014,"minecraft:fall_one_cm":808}},"DataVersion":3120}