{"stats":{"minecraft:picked_up":{"minecraft:stick":2,"simpleplanes:plane":6,"simpleplanes:parachute":2,"simpleplanes:charging_station":6,"minecraft:oak_log":3,"minecraft:spruce_log":4,"hunting_delight:chitin":1,"minecraft:string":2,"minecraft:dirt":32,"minecraft:dark_oak_planks":1,"minecraft:smooth_stone_slab":32,"minecraft:rotten_flesh":10,"simpleplanes:plane_workbench":1,"minecraft:spruce_planks":1,"hunting_delight:broken_bone":21,"cgm:bazooka":1,"minecraft:iron_bars":1},"minecraft:killed":{"k_turrets:gauss_drone":1},"minecraft:dropped":{"minecraft:oak_log":4,"minecraft:spruce_planks":1,"backpacked:backpack":1,"simpleplanes:furnace_engine":1,"simpleplanes:plane":1,"minecraft:dark_oak_planks":2},"minecraft:killed_by":{"minecraft:player":1},"minecraft:custom":{"minecraft:time_since_rest":57862,"minecraft:sprint_one_cm":5711,"minecraft:damage_taken":530,"minecraft:walk_one_cm":84640,"minecraft:mob_kills":1,"minecraft:drop":10,"minecraft:damage_dealt":19,"minecraft:swim_one_cm":2929,"minecraft:fly_one_cm":94381,"minecraft:open_chest":1,"minecraft:crouch_one_cm":631,"minecraft:play_time":58212,"minecraft:deaths":1,"minecraft:sneak_time":513,"minecraft:walk_under_water_one_cm":6085,"minecraft:jump":96,"minecraft:walk_on_water_one_cm":1242,"minecraft:leave_game":5,"minecraft:time_since_death":57679,"minecraft:climb_one_cm":1648,"minecraft:total_world_time":58212,"minecraft:fall_one_cm":269},"minecraft:used":{"simpleplanes:parachute":4,"minecraft:oak_log":2,"minecraft:iron_bars":4,"minecraft:gravel":1,"minecraft:stone_bricks":19,"securitycraft:deepslate_copper_mine":2,"securitycraft:mine":2,"simpleplanes:plane_workbench":1,"automobility:launch_gel":1,"simpleplanes:plane":11,"minecraft:light_gray_terracotta":1,"minecraft:smooth_stone_slab":4,"cgm:bazooka":1}},"DataVersion":3120}