{"stats":{"minecraft:mined":{"minecraft:grass":3,"minecraft:grass_block":1,"minecraft:dirt":1},"minecraft:picked_up":{"minecraft:bone":9,"minecraft:porkchop":3,"hunting_delight:broken_bone":3,"minecraft:dirt":2,"minecraft:egg":1,"hunting_delight:animal_fat":1},"minecraft:killed":{"minecraft:pig":1},"minecraft:used":{"minecraft:netherite_sword":2,"minecraft:dirt":2,"hunting_delight:huntingknife":1},"minecraft:custom":{"minecraft:open_chest":1,"minecraft:time_since_rest":72670,"minecraft:crouch_one_cm":356,"minecraft:sprint_one_cm":2709,"minecraft:play_time":72670,"minecraft:damage_taken":180,"minecraft:walk_one_cm":27728,"minecraft:sneak_time":207,"minecraft:walk_under_water_one_cm":254,"minecraft:mob_kills":1,"minecraft:jump":82,"minecraft:damage_dealt":173,"minecraft:leave_game":4,"minecraft:walk_on_water_one_cm":279,"minecraft:time_since_death":72670,"minecraft:climb_one_cm":1461,"minecraft:total_world_time":72670,"minecraft:fall_one_cm":478,"minecraft:fly_one_cm":27162}},"DataVersion":3120}