{"stats":{"minecraft:custom":{"minecraft:jump":32,"minecraft:time_since_rest":25765,"minecraft:crouch_one_cm":95,"minecraft:leave_game":2,"minecraft:play_time":25765,"minecraft:sprint_one_cm":2305,"minecraft:damage_taken":100,"minecraft:time_since_death":25765,"minecraft:walk_one_cm":3886,"minecraft:sneak_time":20,"minecraft:total_world_time":25765,"minecraft:fall_one_cm":478,"minecraft:fly_one_cm":2121},"minecraft:used":{"minecraft:dirt":1},"minecraft:picked_up":{"minecraft:dirt":2},"minecraft:mined":{"minecraft:grass":3,"minecraft:grass_block":1,"minecraft:dirt":1}},"DataVersion":3120}