{"stats":{"minecraft:used":{"simpleplanes:parachute":4,"ironchest:dirt_chest":1,"k_turrets:gauss_drone_item":2,"simpleplanes:charging_station":41,"rottencreatures:undead_miner_spawn_egg":3,"mutantmonsters:mutant_skeleton_spawn_egg":2,"simpleplanes:helicopter":3,"minecraft:rotten_flesh":1,"demogorgon:demogorgon_spawn_egg":20,"minecraft:light_gray_terracotta":13,"cgm:bazooka":8,"minecraft:snowball":6,"mutantmonsters:mutant_creeper_spawn_egg":4,"mutantmonsters:spider_pig_spawn_egg":2,"mutantmonsters:mutant_enderman_spawn_egg":8,"mutantmonsters:creeper_minion_spawn_egg":1,"mutantmonsters:mutant_snow_golem_spawn_egg":15,"minecraft:stone_bricks":2,"demogorgon:redstone_generator_off":1,"simpleplanes:plane_workbench":1,"mutantmonsters:mutant_zombie_spawn_egg":5,"simpleplanes:plane":11,"travelersbackpack:cyan_sleeping_bag":1,"ags_day_counter:calendar":2,"rottencreatures:frostbitten_spawn_egg":1,"travelersbackpack:redstone":3,"cgm:heavy_rifle":8},"minecraft:picked_up":{"simpleplanes:electric_engine":2,"simpleplanes:folding":2,"simpleplanes:helicopter":1,"simpleplanes:parachute":4,"simpleplanes:furnace_engine":2,"simpleplanes:charging_station":1,"minecraft:flint":8,"minecraft:cobblestone_wall":1,"minecraft:gunpowder":4,"mutantmonsters:mutant_skeleton_limb":3,"minecraft:dirt":5,"minecraft:string":7,"minecraft:smooth_stone_slab":44,"minecraft:glass":1,"minecraft:bone":6,"minecraft:stone_bricks":13,"minecraft:gray_terracotta":47,"travelersbackpack:redstone":1,"minecraft:gold_nugget":138,"k_turrets:explosive_powder":69,"simpleplanes:liquid_engine":3,"simpleplanes:solar_panel":1,"minecraft:iron_nugget":308,"cgm:bazooka":1,"simpleplanes:supply_crate":1,"minecraft:raw_iron":1,"simpleplanes:plane":5,"simpleplanes:wrench":128,"minecraft:big_dripleaf":2,"minecraft:torch":2,"simpleplanes:shooter":1,"minecraft:gravel":49,"minecraft:porkchop":3,"cgm:specialised_grip":1,"minecraft:spruce_log":10,"hunting_delight:chitin":3,"minecraft:spider_eye":4,"minecraft:spruce_door":1,"minecraft:light_gray_terracotta":1,"demogorgon:blighted_flesh":4,"minecraft:arrow":6,"minecraft:rotten_flesh":26,"minecraft:diamond":1,"hunting_delight:broken_bone":161,"simpleplanes:large_plane":1,"mutantmonsters:mutant_skeleton_rib":1,"minecraft:gold_ingot":86,"minecraft:emerald":14,"mutantmonsters:mutant_skeleton_shoulder_pad":1,"minecraft:glow_berries":1,"minecraft:iron_bars":1,"minecraft:snowball":34,"minecraft:cobblestone":27},"minecraft:killed":{"minecraft:spider":2,"minecraft:creeper":2,"minecraft:skeleton":1,"minecraft:zombie":2},"minecraft:killed_by":{"minecraft:skeleton":1,"minecraft:zombie":1},"minecraft:dropped":{"simpleplanes:liquid_engine":1,"simpleplanes:wrench":64,"k_turrets:explosive_powder":5,"cgm:bazooka":1,"simpleplanes:folding":1},"minecraft:custom":{"minecraft:mob_kills":10,"minecraft:leave_game":8,"minecraft:time_since_death":78785,"minecraft:sleep_in_bed":1,"minecraft:climb_one_cm":9224,"minecraft:time_since_rest":35081,"minecraft:sprint_one_cm":94114,"minecraft:damage_taken":1220,"minecraft:walk_one_cm":256681,"minecraft:drop":9,"minecraft:damage_dealt":194,"minecraft:swim_one_cm":3660,"minecraft:fly_one_cm":215942,"minecraft:open_chest":3,"minecraft:crouch_one_cm":5719,"minecraft:play_time":134915,"minecraft:deaths":2,"minecraft:sneak_time":2342,"minecraft:walk_under_water_one_cm":1725,"minecraft:jump":540,"minecraft:walk_on_water_one_cm":1263,"minecraft:total_world_time":135570,"minecraft:fall_one_cm":2347}},"DataVersion":3120}