{"stats":{"minecraft:picked_up":{"simpleplanes:electric_engine":2,"simpleplanes:folding":2,"minecraft:raw_iron":1,"simpleplanes:helicopter":1,"simpleplanes:plane":5,"simpleplanes:parachute":4,"simpleplanes:wrench":128,"minecraft:torch":2,"simpleplanes:shooter":1,"minecraft:gravel":49,"cgm:specialised_grip":1,"simpleplanes:charging_station":1,"simpleplanes:furnace_engine":2,"minecraft:flint":8,"minecraft:spruce_log":10,"hunting_delight:chitin":3,"minecraft:gunpowder":4,"minecraft:spruce_door":1,"minecraft:spider_eye":4,"minecraft:string":5,"minecraft:dirt":5,"minecraft:smooth_stone_slab":44,"minecraft:bone":6,"demogorgon:blighted_flesh":4,"minecraft:arrow":6,"minecraft:rotten_flesh":26,"minecraft:stone_bricks":13,"minecraft:diamond":1,"minecraft:gray_terracotta":47,"minecraft:gold_nugget":138,"simpleplanes:large_plane":1,"hunting_delight:broken_bone":149,"minecraft:emerald":14,"simpleplanes:liquid_engine":3,"simpleplanes:solar_panel":1,"k_turrets:explosive_powder":69,"minecraft:gold_ingot":86,"minecraft:iron_nugget":308,"cgm:bazooka":1,"minecraft:iron_bars":1,"minecraft:cobblestone":27,"simpleplanes:supply_crate":1},"minecraft:killed_by":{"minecraft:skeleton":1,"minecraft:zombie":1},"minecraft:dropped":{"simpleplanes:liquid_engine":1,"k_turrets:explosive_powder":5,"cgm:bazooka":1,"simpleplanes:wrench":64,"simpleplanes:folding":1},"minecraft:killed":{"minecraft:skeleton":1,"minecraft:zombie":2,"minecraft:spider":2,"minecraft:creeper":2},"minecraft:custom":{"minecraft:time_since_rest":40568,"minecraft:sprint_one_cm":77495,"minecraft:damage_taken":1220,"minecraft:walk_one_cm":194009,"minecraft:mob_kills":10,"minecraft:drop":9,"minecraft:damage_dealt":127,"minecraft:fly_one_cm":152818,"minecraft:open_chest":2,"minecraft:crouch_one_cm":3944,"minecraft:play_time":96556,"minecraft:deaths":2,"minecraft:sneak_time":1634,"minecraft:walk_under_water_one_cm":1704,"minecraft:jump":397,"minecraft:leave_game":7,"minecraft:time_since_death":40426,"minecraft:walk_on_water_one_cm":253,"minecraft:total_world_time":97211,"minecraft:climb_one_cm":5408,"minecraft:fall_one_cm":2347},"minecraft:used":{"simpleplanes:parachute":4,"k_turrets:gauss_drone_item":2,"simpleplanes:charging_station":41,"rottencreatures:undead_miner_spawn_egg":3,"minecraft:rotten_flesh":1,"simpleplanes:helicopter":3,"demogorgon:demogorgon_spawn_egg":20,"simpleplanes:plane":11,"demogorgon:redstone_generator_off":1,"simpleplanes:plane_workbench":1,"cgm:bazooka":8,"rottencreatures:frostbitten_spawn_egg":1,"cgm:heavy_rifle":8}},"DataVersion":3120}