{"stats":{"minecraft:used":{"minecraft:netherite_sword":2,"minecraft:dirt":1},"minecraft:picked_up":{"minecraft:bone":9,"minecraft:porkchop":3,"hunting_delight:broken_bone":3,"minecraft:dirt":2,"hunting_delight:animal_fat":1,"minecraft:egg":1},"minecraft:killed":{"minecraft:pig":1},"minecraft:mined":{"minecraft:grass":3,"minecraft:grass_block":1,"minecraft:dirt":1},"minecraft:custom":{"minecraft:time_since_rest":63823,"minecraft:open_chest":1,"minecraft:crouch_one_cm":183,"minecraft:sprint_one_cm":2473,"minecraft:play_time":63823,"minecraft:damage_taken":100,"minecraft:walk_one_cm":21557,"minecraft:sneak_time":44,"minecraft:walk_under_water_one_cm":254,"minecraft:mob_kills":1,"minecraft:jump":55,"minecraft:damage_dealt":110,"minecraft:leave_game":3,"minecraft:time_since_death":63823,"minecraft:walk_on_water_one_cm":279,"minecraft:total_world_time":63823,"minecraft:climb_one_cm":1461,"minecraft:fall_one_cm":478,"minecraft:fly_one_cm":4204}},"DataVersion":3120}