{"stats":{"minecraft:picked_up":{"simpleplanes:propeller":1,"simpleplanes:parachute":1,"simpleplanes:wrench":64,"minecraft:leather_leggings":1,"minecraft:gravel":10,"cgm:specialised_grip":1,"hunting_delight:chitin":1,"minecraft:dirt":28,"minecraft:spruce_door":1,"minecraft:spider_eye":2,"minecraft:string":10,"minecraft:bone":2,"minecraft:smooth_stone_slab":16,"cgm:silencer":2,"minecraft:arrow":17,"minecraft:rotten_flesh":22,"minecraft:diamond":1,"simpleplanes:plane_workbench":1,"minecraft:gold_nugget":17,"hunting_delight:broken_bone":226,"minecraft:gold_ingot":7,"minecraft:iron_nugget":29},"minecraft:dropped":{"cgm:specialised_grip":2,"cgm:silencer":2,"hunting_delight:broken_bone":15,"minecraft:spider_eye":1,"simpleplanes:wrench":128,"minecraft:string":3},"minecraft:killed":{"demogorgon:demogorgon":1,"minecraft:skeleton":15,"rottencreatures:undead_miner":1,"minecraft:zombie":50,"hordes:zombie_player":1,"rottencreatures:frostbitten":1,"minecraft:spider":21,"minecraft:creeper":9},"minecraft:custom":{"minecraft:time_since_rest":62680,"minecraft:sprint_one_cm":130158,"minecraft:walk_one_cm":271692,"minecraft:damage_taken":157,"minecraft:damage_absorbed":118,"minecraft:mob_kills":115,"minecraft:drop":11,"minecraft:damage_dealt":1359,"minecraft:interact_with_crafting_table":1,"minecraft:fly_one_cm":100871,"minecraft:open_chest":3,"minecraft:crouch_one_cm":1328,"minecraft:play_time":62680,"minecraft:sneak_time":332,"minecraft:jump":195,"minecraft:interact_with_brewingstand":1,"minecraft:leave_game":2,"minecraft:walk_on_water_one_cm":1415,"minecraft:time_since_death":62680,"minecraft:damage_resisted":32,"minecraft:total_world_time":62680,"minecraft:climb_one_cm":4207,"minecraft:fall_one_cm":3280},"minecraft:used":{"simpleplanes:parachute":1,"minecraft:netherite_sword":22,"rottencreatures:treasure_chest":6,"simpleplanes:charging_station":1,"cgm:shotgun":57,"cgm:pistol":134,"cgm:grenade":3,"cgm:assault_rifle":266,"minecraft:rotten_flesh":1,"simpleplanes:helicopter":1,"k_turrets:firecharge_drone_item":1,"minecraft:torch":183,"simpleplanes:large_plane":1,"cgm:rifle":111,"minecraft:enchanted_golden_apple":4,"cgm:heavy_rifle":38,"minecraft:milk_bucket":1,"hunting_delight:goatcorpse":1}},"DataVersion":3120}